UserID,PlanType,Renewed
1,Free,1
2,Family,0
3,Family,1
4,Free,0
5,Free,0
6,Free,0
7,Premium,1
8,Premium,0
9,Premium,1
10,Corporate,1
11,Premium,0
12,Free,0
13,Free,0
14,Free,0
15,Free,0
16,Premium,1
17,Family,1
18,Free,1
19,Premium,1
20,Premium,1
21,Free,1
22,Free,1
23,Free,0
24,Free,0
25,Corporate,1
26,Free,1
27,Free,0
28,Free,0
29,Corporate,1
30,Free,1
31,Free,0
32,Free,0
33,Free,1
34,Free,1
35,Premium,1
36,Free,0
37,Free,1
38,Family,1
39,Free,1
40,Free,0
41,Free,0
42,Corporate,1
43,Free,0
44,Family,1
45,Premium,0
46,Free,0
47,Corporate,1
48,Free,0
49,Free,0
50,Family,0
51,Premium,1
52,Premium,0
53,Free,0
54,Free,1
55,Premium,1
56,Free,1
57,Free,0
58,Free,0
59,Free,1
60,Family,1
61,Free,1
62,Corporate,1
63,Free,1
64,Premium,0
65,Free,0
66,Free,0
67,Free,1
68,Free,1
69,Free,0
70,Corporate,1
71,Premium,1
72,Free,0
73,Free,1
74,Free,1
75,Premium,1
76,Premium,1
77,Corporate,0
78,Free,1
79,Free,1
80,Free,0
81,Premium,1
82,Premium,1
83,Premium,1
84,Premium,1
85,Free,1
86,Premium,1
87,Free,0
88,Premium,1
89,Free,0
90,Free,0
91,Family,1
92,Family,1
93,Family,1
94,Free,0
95,Premium,1
96,Free,0
97,Family,1
98,Free,0
99,Corporate,1
100,Corporate,1
101,Premium,1
102,Free,1
103,Free,0
104,Family,0
105,Free,0
106,Family,0
107,Free,0
108,Free,0
109,Family,1
110,Premium,1
111,Premium,1
112,Premium,1
113,Free,1
114,Premium,1
115,Free,0
116,Corporate,0
117,Family,1
118,Free,0
119,Premium,1
120,Premium,1
121,Free,0
122,Corporate,1
123,Free,0
124,Free,0
125,Free,0
126,Free,0
127,Premium,0
128,Premium,0
129,Premium,1
130,Premium,1
131,Free,1
132,Free,0
133,Free,1
134,Free,0
135,Premium,1
136,Free,0
137,Free,0
138,Free,0
139,Corporate,0
140,Corporate,1
141,Premium,0
142,Corporate,1
143,Premium,1
144,Premium,1
145,Free,0
146,Premium,1
147,Premium,1
148,Premium,1
149,Premium,0
150,Free,0
151,Premium,1
152,Corporate,1
153,Free,0
154,Premium,0
155,Free,0
156,Premium,1
157,Premium,1
158,Free,0
159,Premium,0
160,Free,1
161,Premium,0
162,Free,0
163,Premium,0
164,Free,1
165,Premium,0
166,Free,0
167,Family,0
168,Corporate,1
169,Corporate,1
170,Premium,1
171,Premium,1
172,Free,1
173,Free,1
174,Free,0
175,Premium,1
176,Family,1
177,Free,1
178,Corporate,1
179,Premium,1
180,Premium,1
181,Free,1
182,Free,0
183,Premium,0
184,Premium,0
185,Free,0
186,Premium,1
187,Family,1
188,Family,1
189,Corporate,1
190,Free,1
191,Free,0
192,Premium,1
193,Free,1
194,Free,0
195,Free,1
196,Free,1
197,Free,1
198,Free,1
199,Free,1
200,Free,0
201,Premium,1
202,Premium,1
203,Premium,1
204,Free,0
205,Free,0
206,Premium,1
207,Premium,1
208,Free,0
209,Free,0
210,Family,1
211,Free,1
212,Free,0
213,Premium,1
214,Free,0
215,Free,0
216,Free,0
217,Premium,0
218,Free,1
219,Free,1
220,Free,1
221,Family,0
222,Free,0
223,Corporate,1
224,Free,0
225,Corporate,1
226,Corporate,0
227,Free,0
228,Free,0
229,Free,0
230,Free,1
231,Premium,1
232,Free,1
233,Free,1
234,Free,0
235,Family,1
236,Free,0
237,Free,1
238,Free,0
239,Family,1
240,Premium,1
241,Free,1
242,Free,1
243,Free,1
244,Free,1
245,Corporate,1
246,Premium,1
247,Free,1
248,Family,1
249,Free,0
250,Premium,1
251,Family,0
252,Free,0
253,Premium,1
254,Free,1
255,Free,0
256,Free,0
257,Free,1
258,Premium,1
259,Corporate,1
260,Premium,1
261,Family,1
262,Family,0
263,Free,1
264,Free,0
265,Free,1
266,Premium,1
267,Corporate,1
268,Free,1
269,Premium,1
270,Premium,1
271,Premium,1
272,Free,0
273,Free,0
274,Free,0
275,Free,1
276,Free,0
277,Premium,1
278,Free,1
279,Family,1
280,Free,1
281,Premium,1
282,Free,1
283,Premium,0
284,Corporate,1
285,Free,1
286,Free,1
287,Premium,1
288,Free,1
289,Free,1
290,Free,1
291,Free,1
292,Premium,1
293,Free,0
294,Family,1
295,Premium,1
296,Premium,1
297,Premium,1
298,Family,1
299,Free,0
300,Family,1
301,Premium,1
302,Premium,1
303,Premium,1
304,Free,1
305,Free,1
306,Premium,1
307,Free,0
308,Premium,1
309,Free,1
310,Free,0
311,Free,1
312,Free,0
313,Free,0
314,Free,1
315,Corporate,1
316,Premium,1
317,Free,1
318,Premium,1
319,Family,0
320,Premium,1
321,Free,0
322,Family,1
323,Premium,1
324,Free,1
325,Free,0
326,Premium,1
327,Free,1
328,Family,1
329,Free,1
330,Family,1
331,Premium,0
332,Free,0
333,Free,1
334,Premium,1
335,Premium,1
336,Premium,1
337,Free,0
338,Free,1
339,Free,1
340,Premium,0
341,Free,0
342,Free,1
343,Premium,1
344,Corporate,1
345,Free,1
346,Free,1
347,Premium,1
348,Premium,1
349,Free,0
350,Corporate,0
351,Family,1
352,Free,1
353,Free,0
354,Free,0
355,Premium,1
356,Free,0
357,Premium,1
358,Premium,0
359,Free,1
360,Premium,1
361,Corporate,1
362,Free,0
363,Free,1
364,Free,0
365,Family,0
366,Corporate,1
367,Free,0
368,Premium,0
369,Free,1
370,Free,0
371,Free,0
372,Free,0
373,Free,0
374,Premium,1
375,Free,1
376,Family,0
377,Free,0
378,Free,1
379,Free,0
380,Premium,0
381,Free,1
382,Free,0
383,Corporate,0
384,Free,0
385,Free,0
386,Family,1
387,Free,1
388,Free,1
389,Free,1
390,Free,1
391,Free,1
392,Free,1
393,Free,1
394,Free,1
395,Premium,0
396,Free,1
397,Free,0
398,Family,1
399,Premium,1
400,Free,0
401,Corporate,1
402,Free,1
403,Free,1
404,Premium,1
405,Free,1
406,Free,1
407,Free,0
408,Free,0
409,Free,0
410,Family,1
411,Free,1
412,Family,1
413,Premium,1
414,Family,1
415,Premium,0
416,Premium,1
417,Free,0
418,Free,1
419,Free,0
420,Family,1
421,Family,0
422,Free,1
423,Free,0
424,Free,0
425,Premium,1
426,Free,0
427,Premium,1
428,Corporate,1
429,Free,0
430,Free,0
431,Free,1
432,Free,1
433,Free,1
434,Free,0
435,Family,1
436,Free,1
437,Free,1
438,Family,0
439,Premium,1
440,Free,0
441,Premium,1
442,Free,0
443,Premium,0
444,Premium,1
445,Premium,1
446,Free,0
447,Family,1
448,Free,1
449,Free,0
450,Free,0
451,Free,0
452,Free,1
453,Family,1
454,Corporate,1
455,Free,0
456,Free,0
457,Free,0
458,Free,1
459,Free,0
460,Corporate,1
461,Free,1
462,Free,0
463,Free,1
464,Family,1
465,Premium,1
466,Corporate,0
467,Premium,1
468,Free,0
469,Free,0
470,Premium,1
471,Free,1
472,Premium,1
473,Free,0
474,Free,0
475,Free,1
476,Premium,1
477,Premium,1
478,Free,0
479,Free,0
480,Free,0
481,Free,1
482,Free,1
483,Free,0
484,Free,0
485,Free,0
486,Free,0
487,Free,1
488,Free,0
489,Free,0
490,Free,0
491,Premium,1
492,Free,0
493,Free,0
494,Free,0
495,Premium,1
496,Family,1
497,Premium,1
498,Premium,0
499,Free,0
500,Premium,1
501,Premium,1
502,Free,1
503,Free,1
504,Free,1
505,Family,1
506,Free,0
507,Premium,1
508,Free,0
509,Free,1
510,Free,1
511,Free,1
512,Family,0
513,Premium,0
514,Free,0
515,Family,1
516,Free,0
517,Corporate,1
518,Free,0
519,Free,0
520,Free,0
521,Free,1
522,Free,0
523,Premium,0
524,Family,1
525,Premium,1
526,Free,1
527,Free,0
528,Free,0
529,Free,0
530,Premium,1
531,Free,1
532,Free,1
533,Free,1
534,Corporate,1
535,Free,0
536,Free,1
537,Free,0
538,Free,1
539,Free,0
540,Free,0
541,Premium,1
542,Free,0
543,Premium,1
544,Corporate,1
545,Premium,1
546,Free,1
547,Free,0
548,Premium,1
549,Premium,1
550,Free,1
551,Premium,0
552,Free,0
553,Free,1
554,Free,1
555,Free,0
556,Free,0
557,Premium,1
558,Free,1
559,Free,0
560,Free,0
561,Free,1
562,Free,0
563,Premium,0
564,Premium,0
565,Premium,1
566,Premium,1
567,Free,1
568,Free,0
569,Free,1
570,Free,0
571,Corporate,1
572,Free,0
573,Free,1
574,Family,1
575,Corporate,1
576,Premium,1
577,Free,0
578,Free,0
579,Free,0
580,Free,1
581,Free,0
582,Free,0
583,Corporate,1
584,Free,0
585,Premium,1
586,Premium,1
587,Free,0
588,Premium,1
589,Free,0
590,Free,0
591,Premium,1
592,Free,1
593,Corporate,1
594,Free,1
595,Premium,1
596,Free,0
597,Free,1
598,Free,0
599,Premium,0
600,Family,0
601,Family,1
602,Free,0
603,Premium,1
604,Premium,1
605,Premium,1
606,Free,1
607,Premium,1
608,Family,0
609,Free,0
610,Family,1
611,Premium,1
612,Free,1
613,Free,0
614,Free,0
615,Free,1
616,Family,1
617,Free,0
618,Family,1
619,Family,1
620,Free,0
621,Family,1
622,Corporate,1
623,Premium,1
624,Premium,1
625,Corporate,0
626,Premium,0
627,Free,0
628,Family,1
629,Premium,1
630,Premium,1
631,Free,0
632,Premium,1
633,Free,0
634,Corporate,1
635,Free,0
636,Free,1
637,Free,0
638,Free,0
639,Premium,1
640,Family,0
641,Family,1
642,Free,0
643,Free,0
644,Family,1
645,Corporate,1
646,Free,1
647,Free,0
648,Free,1
649,Family,1
650,Premium,1
651,Free,0
652,Free,0
653,Family,1
654,Free,0
655,Free,0
656,Premium,1
657,Free,1
658,Free,0
659,Family,1
660,Family,1
661,Family,1
662,Family,1
663,Premium,1
664,Family,0
665,Free,1
666,Premium,1
667,Corporate,1
668,Free,1
669,Free,0
670,Free,1
671,Free,1
672,Free,1
673,Family,1
674,Corporate,1
675,Free,0
676,Free,0
677,Free,0
678,Family,1
679,Free,0
680,Free,0
681,Free,1
682,Free,1
683,Free,1
684,Family,1
685,Premium,1
686,Premium,1
687,Free,0
688,Premium,0
689,Premium,1
690,Free,1
691,Premium,0
692,Free,0
693,Family,1
694,Free,0
695,Corporate,1
696,Free,0
697,Premium,1
698,Premium,0
699,Premium,1
700,Free,1
701,Free,0
702,Premium,1
703,Free,0
704,Free,1
705,Premium,0
706,Free,0
707,Free,1
708,Free,1
709,Free,0
710,Premium,0
711,Premium,1
712,Family,1
713,Corporate,1
714,Free,0
715,Free,1
716,Free,0
717,Free,0
718,Corporate,1
719,Free,0
720,Free,1
721,Free,0
722,Premium,1
723,Premium,1
724,Free,1
725,Corporate,1
726,Free,0
727,Free,0
728,Family,1
729,Free,0
730,Family,1
731,Corporate,1
732,Premium,1
733,Premium,1
734,Free,0
735,Corporate,1
736,Free,1
737,Premium,0
738,Corporate,1
739,Corporate,1
740,Family,1
741,Free,1
742,Corporate,1
743,Premium,1
744,Corporate,1
745,Premium,1
746,Free,1
747,Free,1
748,Premium,1
749,Premium,1
750,Free,1
751,Premium,1
752,Free,0
753,Family,1
754,Free,0
755,Free,0
756,Free,1
757,Free,0
758,Free,0
759,Free,1
760,Free,0
761,Corporate,1
762,Family,1
763,Free,0
764,Corporate,1
765,Free,1
766,Premium,1
767,Premium,1
768,Free,0
769,Free,0
770,Free,0
771,Free,1
772,Premium,1
773,Free,0
774,Free,0
775,Free,1
776,Free,1
777,Free,0
778,Free,0
779,Family,1
780,Free,1
781,Free,0
782,Premium,0
783,Free,0
784,Premium,0
785,Premium,0
786,Free,0
787,Free,0
788,Free,0
789,Free,0
790,Free,0
791,Free,0
792,Free,0
793,Free,0
794,Premium,1
795,Premium,1
796,Free,1
797,Free,0
798,Family,1
799,Premium,1
800,Family,1
801,Free,1
802,Premium,1
803,Free,0
804,Free,1
805,Free,1
806,Free,1
807,Free,1
808,Free,0
809,Premium,1
810,Family,0
811,Free,1
812,Free,1
813,Free,1
814,Premium,1
815,Free,0
816,Corporate,0
817,Free,0
818,Free,0
819,Premium,0
820,Family,0
821,Free,1
822,Free,1
823,Corporate,1
824,Free,0
825,Family,0
826,Free,0
827,Premium,1
828,Premium,0
829,Free,0
830,Family,1
831,Free,0
832,Free,1
833,Premium,1
834,Free,0
835,Premium,1
836,Free,1
837,Free,1
838,Free,0
839,Free,1
840,Free,0
841,Premium,1
842,Family,1
843,Family,1
844,Free,0
845,Free,0
846,Free,1
847,Free,1
848,Free,0
849,Free,0
850,Free,1
851,Corporate,1
852,Free,1
853,Free,0
854,Free,1
855,Free,0
856,Family,1
857,Free,0
858,Free,0
859,Free,0
860,Free,1
861,Free,0
862,Family,1
863,Family,1
864,Premium,1
865,Free,0
866,Family,1
867,Free,1
868,Free,0
869,Premium,0
870,Free,1
871,Free,0
872,Premium,1
873,Free,0
874,Premium,0
875,Free,1
876,Family,0
877,Corporate,1
878,Family,1
879,Free,0
880,Free,0
881,Free,1
882,Free,1
883,Free,1
884,Premium,0
885,Free,0
886,Corporate,1
887,Free,1
888,Free,0
889,Free,0
890,Family,1
891,Premium,1
892,Family,1
893,Family,1
894,Free,0
895,Free,1
896,Free,0
897,Premium,1
898,Free,0
899,Free,0
900,Corporate,1
901,Corporate,1
902,Premium,1
903,Premium,1
904,Premium,0
905,Free,1
906,Free,1
907,Premium,1
908,Premium,1
909,Free,1
910,Corporate,1
911,Free,0
912,Free,1
913,Premium,1
914,Free,1
915,Free,1
916,Free,1
917,Premium,0
918,Free,0
919,Premium,1
920,Premium,1
921,Free,0
922,Corporate,1
923,Free,1
924,Corporate,1
925,Free,1
926,Corporate,0
927,Free,1
928,Free,0
929,Free,0
930,Free,0
931,Premium,1
932,Free,1
933,Premium,0
934,Free,1
935,Free,0
936,Premium,0
937,Free,1
938,Premium,1
939,Premium,1
940,Family,1
941,Free,1
942,Premium,1
943,Corporate,1
944,Premium,1
945,Free,1
946,Premium,0
947,Premium,1
948,Premium,1
949,Free,0
950,Free,1
951,Family,1
952,Free,0
953,Premium,0
954,Free,1
955,Free,1
956,Free,1
957,Free,1
958,Corporate,1
959,Family,0
960,Premium,1
961,Free,0
962,Premium,1
963,Premium,1
964,Premium,1
965,Free,1
966,Premium,1
967,Premium,1
968,Corporate,1
969,Free,0
970,Premium,1
971,Premium,0
972,Free,1
973,Free,0
974,Free,1
975,Free,1
976,Free,1
977,Premium,1
978,Premium,1
979,Premium,1
980,Corporate,1
981,Free,1
982,Free,0
983,Premium,1
984,Free,1
985,Free,1
986,Free,0
987,Free,1
988,Family,1
989,Free,1
990,Free,1
991,Free,0
992,Premium,1
993,Free,1
994,Premium,1
995,Free,1
996,Free,0
997,Free,0
998,Free,0
999,Free,1
1000,Free,1
1001,Family,1
1002,Free,0
1003,Premium,1
1004,Free,0
1005,Free,0
1006,Free,0
1007,Family,0
1008,Free,1
1009,Free,1
1010,Free,1
1011,Free,0
1012,Free,1
1013,Premium,0
1014,Free,1
1015,Free,1
1016,Premium,0
1017,Free,1
1018,Free,1
1019,Free,0
1020,Premium,1
1021,Free,1
1022,Free,1
1023,Free,0
1024,Premium,0
1025,Free,0
1026,Premium,1
1027,Family,1
1028,Premium,1
1029,Free,0
1030,Free,1
1031,Free,1
1032,Free,0
1033,Free,0
1034,Premium,1
1035,Free,1
1036,Free,1
1037,Premium,1
1038,Premium,1
1039,Free,0
1040,Family,1
1041,Free,1
1042,Premium,1
1043,Premium,1
1044,Premium,1
1045,Premium,0
1046,Free,1
1047,Free,1
1048,Premium,1
1049,Free,1
1050,Family,1
1051,Free,0
1052,Free,1
1053,Free,0
1054,Free,1
1055,Premium,1
1056,Premium,0
1057,Premium,1
1058,Family,1
1059,Family,1
1060,Family,1
1061,Free,0
1062,Premium,0
1063,Free,0
1064,Free,0
1065,Premium,1
1066,Free,0
1067,Free,0
1068,Free,1
1069,Free,1
1070,Family,0
1071,Free,0
1072,Free,1
1073,Free,0
1074,Free,1
1075,Family,1
1076,Free,0
1077,Free,1
1078,Premium,1
1079,Corporate,1
1080,Premium,1
1081,Family,1
1082,Free,0
1083,Free,1
1084,Free,1
1085,Family,1
1086,Free,1
1087,Free,1
1088,Free,1
1089,Free,0
1090,Free,0
1091,Corporate,1
1092,Free,0
1093,Premium,1
1094,Premium,1
1095,Free,0
1096,Free,0
1097,Free,1
1098,Free,0
1099,Premium,1
1100,Free,1
1101,Free,1
1102,Free,0
1103,Corporate,1
1104,Family,0
1105,Family,1
1106,Premium,1
1107,Free,1
1108,Premium,0
1109,Free,1
1110,Premium,1
1111,Premium,1
1112,Free,0
1113,Premium,1
1114,Family,1
1115,Free,1
1116,Family,0
1117,Free,0
1118,Premium,1
1119,Free,1
1120,Free,1
1121,Corporate,0
1122,Family,1
1123,Premium,1
1124,Free,0
1125,Family,0
1126,Free,1
1127,Family,1
1128,Free,0
1129,Free,1
1130,Premium,1
1131,Free,0
1132,Free,0
1133,Free,0
1134,Free,0
1135,Free,1
1136,Free,0
1137,Free,1
1138,Free,0
1139,Premium,0
1140,Free,0
1141,Corporate,1
1142,Family,0
1143,Free,1
1144,Premium,1
1145,Family,1
1146,Corporate,1
1147,Premium,1
1148,Free,1
1149,Premium,0
1150,Premium,0
1151,Premium,1
1152,Free,0
1153,Family,1
1154,Corporate,0
1155,Free,0
1156,Free,0
1157,Free,0
1158,Family,1
1159,Premium,0
1160,Premium,0
1161,Free,0
1162,Premium,1
1163,Free,1
1164,Free,0
1165,Premium,1
1166,Corporate,1
1167,Corporate,1
1168,Corporate,1
1169,Free,1
1170,Free,0
1171,Premium,1
1172,Corporate,1
1173,Free,0
1174,Free,0
1175,Free,0
1176,Premium,1
1177,Free,1
1178,Free,1
1179,Free,0
1180,Free,0
1181,Family,1
1182,Free,1
1183,Premium,1
1184,Premium,1
1185,Family,0
1186,Free,1
1187,Corporate,0
1188,Premium,1
1189,Corporate,1
1190,Family,1
1191,Free,1
1192,Free,1
1193,Free,1
1194,Free,0
1195,Free,1
1196,Free,0
1197,Free,1
1198,Free,0
1199,Free,0
1200,Free,1
1201,Free,1
1202,Free,1
1203,Free,1
1204,Free,0
1205,Family,1
1206,Free,0
1207,Free,0
1208,Free,0
1209,Family,0
1210,Family,0
1211,Family,1
1212,Premium,1
1213,Free,1
1214,Free,0
1215,Free,1
1216,Corporate,1
1217,Premium,1
1218,Premium,1
1219,Free,0
1220,Family,1
1221,Free,0
1222,Free,0
1223,Free,1
1224,Premium,1
1225,Free,0
1226,Family,1
1227,Free,1
1228,Premium,1
1229,Free,0
1230,Free,0
1231,Family,1
1232,Premium,1
1233,Premium,1
1234,Family,0
1235,Premium,1
1236,Free,0
1237,Premium,1
1238,Free,0
1239,Free,0
1240,Free,0
1241,Premium,1
1242,Premium,1
1243,Free,1
1244,Premium,1
1245,Family,1
1246,Free,0
1247,Free,0
1248,Premium,1
1249,Free,0
1250,Premium,1
1251,Free,0
1252,Free,0
1253,Premium,1
1254,Premium,1
1255,Family,0
1256,Family,1
1257,Premium,0
1258,Premium,1
1259,Free,1
1260,Free,1
1261,Free,0
1262,Family,0
1263,Free,1
1264,Premium,1
1265,Free,0
1266,Premium,1
1267,Family,1
1268,Free,0
1269,Family,1
1270,Free,0
1271,Free,1
1272,Family,1
1273,Free,0
1274,Corporate,1
1275,Free,1
1276,Free,0
1277,Family,1
1278,Free,0
1279,Corporate,1
1280,Corporate,1
1281,Free,1
1282,Free,1
1283,Free,0
1284,Free,1
1285,Free,1
1286,Free,1
1287,Free,1
1288,Free,0
1289,Corporate,1
1290,Family,1
1291,Premium,1
1292,Free,1
1293,Family,0
1294,Free,0
1295,Premium,1
1296,Corporate,1
1297,Free,0
1298,Premium,0
1299,Family,0
1300,Family,1
1301,Premium,1
1302,Free,1
1303,Free,0
1304,Free,0
1305,Premium,1
1306,Free,1
1307,Family,1
1308,Free,1
1309,Free,1
1310,Free,0
1311,Premium,1
1312,Free,1
1313,Free,0
1314,Free,1
1315,Free,1
1316,Free,1
1317,Family,0
1318,Free,0
1319,Free,1
1320,Family,1
1321,Corporate,1
1322,Premium,1
1323,Free,0
1324,Family,0
1325,Corporate,1
1326,Premium,0
1327,Free,0
1328,Premium,0
1329,Premium,1
1330,Free,1
1331,Free,1
1332,Family,1
1333,Premium,1
1334,Free,0
1335,Premium,1
1336,Free,0
1337,Free,1
1338,Premium,1
1339,Free,0
1340,Free,1
1341,Corporate,1
1342,Free,0
1343,Free,0
1344,Corporate,1
1345,Premium,0
1346,Premium,1
1347,Family,0
1348,Free,0
1349,Premium,1
1350,Free,0
1351,Family,1
1352,Free,1
1353,Premium,0
1354,Free,0
1355,Free,0
1356,Premium,0
1357,Premium,0
1358,Premium,0
1359,Free,0
1360,Free,1
1361,Premium,1
1362,Family,1
1363,Premium,1
1364,Corporate,1
1365,Family,1
1366,Premium,0
1367,Premium,1
1368,Corporate,1
1369,Premium,1
1370,Family,1
1371,Premium,1
1372,Premium,1
1373,Free,1
1374,Free,0
1375,Corporate,1
1376,Premium,1
1377,Premium,1
1378,Corporate,1
1379,Premium,1
1380,Free,0
1381,Premium,1
1382,Premium,1
1383,Free,0
1384,Free,0
1385,Free,0
1386,Free,1
1387,Free,0
1388,Free,1
1389,Free,1
1390,Free,1
1391,Free,0
1392,Premium,1
1393,Family,1
1394,Premium,0
1395,Free,0
1396,Free,0
1397,Free,0
1398,Free,0
1399,Free,0
1400,Free,1
1401,Free,0
1402,Family,0
1403,Free,1
1404,Free,0
1405,Family,1
1406,Free,0
1407,Free,1
1408,Premium,0
1409,Premium,0
1410,Premium,1
1411,Free,0
1412,Free,1
1413,Free,1
1414,Free,1
1415,Family,0
1416,Premium,1
1417,Free,1
1418,Premium,1
1419,Free,0
1420,Family,1
1421,Free,0
1422,Free,1
1423,Free,0
1424,Premium,1
1425,Premium,1
1426,Free,0
1427,Free,1
1428,Free,0
1429,Free,0
1430,Family,1
1431,Free,0
1432,Free,1
1433,Premium,1
1434,Free,0
1435,Premium,0
1436,Family,0
1437,Free,1
1438,Family,0
1439,Premium,1
1440,Free,1
1441,Free,0
1442,Free,0
1443,Premium,1
1444,Premium,1
1445,Family,0
1446,Corporate,1
1447,Premium,1
1448,Premium,1
1449,Free,1
1450,Free,0
1451,Free,0
1452,Premium,1
1453,Free,0
1454,Free,0
1455,Free,1
1456,Free,0
1457,Premium,1
1458,Free,1
1459,Premium,1
1460,Free,0
1461,Premium,0
1462,Free,0
1463,Free,0
1464,Premium,1
1465,Free,0
1466,Free,1
1467,Free,1
1468,Free,0
1469,Free,0
1470,Free,1
1471,Premium,1
1472,Family,1
1473,Free,0
1474,Corporate,1
1475,Free,0
1476,Premium,1
1477,Premium,0
1478,Premium,1
1479,Free,1
1480,Free,1
1481,Free,0
1482,Free,1
1483,Free,0
1484,Free,0
1485,Free,1
1486,Free,0
1487,Premium,1
1488,Family,1
1489,Corporate,1
1490,Free,0
1491,Premium,1
1492,Family,1
1493,Free,0
1494,Free,0
1495,Corporate,1
1496,Free,0
1497,Free,0
1498,Free,1
1499,Free,0
1500,Family,1
1501,Premium,1
1502,Free,0
1503,Free,0
1504,Premium,1
1505,Premium,0
1506,Free,0
1507,Family,0
1508,Free,1
1509,Free,0
1510,Premium,1
1511,Free,1
1512,Family,0
1513,Premium,1
1514,Premium,1
1515,Free,0
1516,Free,1
1517,Free,0
1518,Free,1
1519,Premium,1
1520,Family,1
1521,Premium,0
1522,Corporate,1
1523,Premium,1
1524,Free,0
1525,Free,0
1526,Premium,1
1527,Free,1
1528,Free,0
1529,Free,1
1530,Family,1
1531,Free,1
1532,Premium,1
1533,Family,1
1534,Free,0
1535,Free,0
1536,Free,0
1537,Premium,0
1538,Premium,1
1539,Family,1
1540,Premium,1
1541,Free,0
1542,Free,0
1543,Premium,0
1544,Free,1
1545,Free,1
1546,Free,0
1547,Free,0
1548,Free,1
1549,Free,1
1550,Free,1
1551,Free,0
1552,Premium,0
1553,Family,0
1554,Free,0
1555,Premium,1
1556,Free,0
1557,Free,1
1558,Family,1
1559,Premium,1
1560,Family,0
1561,Free,0
1562,Free,0
1563,Family,0
1564,Free,1
1565,Free,0
1566,Premium,1
1567,Family,1
1568,Family,1
1569,Free,0
1570,Family,0
1571,Free,0
1572,Free,0
1573,Premium,0
1574,Free,1
1575,Free,1
1576,Premium,1
1577,Free,1
1578,Free,0
1579,Free,0
1580,Free,0
1581,Free,1
1582,Premium,0
1583,Premium,1
1584,Free,1
1585,Family,1
1586,Free,0
1587,Free,1
1588,Family,1
1589,Free,0
1590,Corporate,1
1591,Free,1
1592,Premium,1
1593,Free,1
1594,Free,1
1595,Free,0
1596,Premium,0
1597,Free,0
1598,Corporate,1
1599,Free,1
1600,Free,1
1601,Free,1
1602,Premium,1
1603,Family,1
1604,Free,0
1605,Premium,1
1606,Free,1
1607,Premium,1
1608,Family,1
1609,Free,0
1610,Free,0
1611,Corporate,1
1612,Family,1
1613,Premium,1
1614,Free,1
1615,Free,1
1616,Free,0
1617,Family,1
1618,Premium,1
1619,Free,0
1620,Free,0
1621,Free,0
1622,Free,1
1623,Free,0
1624,Free,0
1625,Free,0
1626,Free,1
1627,Free,0
1628,Free,1
1629,Free,0
1630,Free,1
1631,Free,0
1632,Free,1
1633,Free,1
1634,Premium,1
1635,Family,1
1636,Premium,1
1637,Free,0
1638,Family,1
1639,Premium,0
1640,Free,0
1641,Free,1
1642,Family,1
1643,Free,1
1644,Free,0
1645,Premium,0
1646,Family,1
1647,Free,1
1648,Free,0
1649,Free,0
1650,Premium,0
1651,Free,0
1652,Free,0
1653,Family,1
1654,Free,0
1655,Premium,1
1656,Free,0
1657,Free,0
1658,Premium,1
1659,Free,1
1660,Free,1
1661,Free,1
1662,Premium,1
1663,Corporate,1
1664,Corporate,1
1665,Free,1
1666,Free,0
1667,Free,1
1668,Family,1
1669,Free,1
1670,Corporate,1
1671,Free,0
1672,Corporate,1
1673,Family,1
1674,Family,1
1675,Free,0
1676,Free,1
1677,Free,0
1678,Free,0
1679,Free,0
1680,Free,0
1681,Free,1
1682,Premium,1
1683,Premium,1
1684,Free,0
1685,Corporate,1
1686,Free,0
1687,Free,1
1688,Free,1
1689,Family,1
1690,Free,1
1691,Free,1
1692,Premium,1
1693,Free,1
1694,Premium,1
1695,Corporate,1
1696,Corporate,1
1697,Free,0
1698,Free,0
1699,Free,0
1700,Free,0
1701,Free,1
1702,Free,0
1703,Corporate,1
1704,Family,1
1705,Free,0
1706,Free,1
1707,Free,0
1708,Free,0
1709,Premium,1
1710,Premium,1
1711,Family,1
1712,Premium,1
1713,Free,0
1714,Premium,1
1715,Free,0
1716,Premium,0
1717,Free,0
1718,Free,0
1719,Free,0
1720,Free,1
1721,Corporate,1
1722,Free,1
1723,Free,1
1724,Free,1
1725,Premium,0
1726,Free,0
1727,Corporate,1
1728,Family,1
1729,Premium,1
1730,Premium,1
1731,Free,1
1732,Free,1
1733,Premium,1
1734,Free,0
1735,Free,0
1736,Premium,1
1737,Free,0
1738,Corporate,1
1739,Free,1
1740,Premium,1
1741,Free,1
1742,Premium,1
1743,Free,1
1744,Free,0
1745,Family,1
1746,Free,0
1747,Free,0
1748,Free,1
1749,Premium,1
1750,Free,1
1751,Corporate,1
1752,Free,0
1753,Free,1
1754,Premium,0
1755,Premium,0
1756,Family,0
1757,Corporate,1
1758,Free,1
1759,Free,0
1760,Free,1
1761,Premium,1
1762,Family,1
1763,Free,1
1764,Free,0
1765,Free,0
1766,Family,0
1767,Free,1
1768,Free,0
1769,Free,0
1770,Family,1
1771,Premium,1
1772,Premium,0
1773,Free,0
1774,Free,0
1775,Premium,1
1776,Corporate,1
1777,Free,1
1778,Free,0
1779,Free,1
1780,Free,0
1781,Family,0
1782,Free,0
1783,Free,0
1784,Free,0
1785,Free,0
1786,Free,0
1787,Free,0
1788,Free,0
1789,Premium,1
1790,Free,0
1791,Free,0
1792,Corporate,1
1793,Premium,1
1794,Premium,0
1795,Free,0
1796,Free,1
1797,Free,0
1798,Free,0
1799,Free,0
1800,Corporate,1
1801,Free,1
1802,Free,0
1803,Premium,0
1804,Free,1
1805,Premium,1
1806,Premium,1
1807,Premium,1
1808,Corporate,1
1809,Free,1
1810,Free,1
1811,Family,1
1812,Premium,1
1813,Free,1
1814,Corporate,0
1815,Free,1
1816,Corporate,1
1817,Free,0
1818,Free,1
1819,Family,1
1820,Free,1
1821,Free,0
1822,Free,1
1823,Corporate,1
1824,Family,1
1825,Premium,1
1826,Premium,0
1827,Family,0
1828,Free,1
1829,Free,0
1830,Premium,1
1831,Free,0
1832,Free,1
1833,Free,0
1834,Free,1
1835,Family,1
1836,Free,1
1837,Premium,1
1838,Free,0
1839,Free,0
1840,Free,0
1841,Premium,1
1842,Premium,1
1843,Corporate,1
1844,Premium,0
1845,Premium,1
1846,Premium,0
1847,Corporate,0
1848,Premium,0
1849,Free,1
1850,Free,1
1851,Premium,1
1852,Premium,1
1853,Free,1
1854,Family,1
1855,Corporate,1
1856,Free,0
1857,Family,1
1858,Free,0
1859,Free,0
1860,Free,0
1861,Free,1
1862,Family,0
1863,Free,0
1864,Free,1
1865,Free,0
1866,Free,1
1867,Free,1
1868,Premium,1
1869,Free,1
1870,Family,1
1871,Family,0
1872,Free,1
1873,Family,0
1874,Free,0
1875,Free,1
1876,Free,1
1877,Free,0
1878,Free,0
1879,Premium,1
1880,Free,1
1881,Premium,0
1882,Free,1
1883,Premium,0
1884,Free,0
1885,Free,1
1886,Free,1
1887,Free,1
1888,Free,0
1889,Family,1
1890,Free,1
1891,Premium,1
1892,Premium,1
1893,Family,1
1894,Free,0
1895,Free,0
1896,Corporate,0
1897,Premium,0
1898,Free,1
1899,Free,1
1900,Free,1
1901,Premium,1
1902,Premium,1
1903,Free,0
1904,Premium,1
1905,Premium,1
1906,Free,0
1907,Premium,1
1908,Family,0
1909,Free,0
1910,Family,1
1911,Free,1
1912,Free,0
1913,Free,0
1914,Free,0
1915,Free,1
1916,Free,1
1917,Family,1
1918,Free,0
1919,Premium,1
1920,Free,1
1921,Corporate,1
1922,Premium,1
1923,Free,1
1924,Premium,1
1925,Free,0
1926,Premium,1
1927,Free,1
1928,Premium,1
1929,Premium,1
1930,Free,0
1931,Free,1
1932,Family,1
1933,Free,0
1934,Free,0
1935,Free,0
1936,Free,0
1937,Corporate,1
1938,Free,0
1939,Free,1
1940,Premium,1
1941,Family,1
1942,Free,0
1943,Free,0
1944,Corporate,1
1945,Premium,1
1946,Free,1
1947,Free,1
1948,Free,1
1949,Free,0
1950,Free,0
1951,Family,1
1952,Free,1
1953,Premium,1
1954,Free,1
1955,Premium,0
1956,Premium,1
1957,Free,1
1958,Free,1
1959,Free,1
1960,Family,1
1961,Family,1
1962,Free,1
1963,Free,0
1964,Free,1
1965,Premium,1
1966,Free,0
1967,Free,0
1968,Free,0
1969,Free,1
1970,Premium,1
1971,Free,1
1972,Premium,1
1973,Free,0
1974,Free,0
1975,Premium,1
1976,Corporate,1
1977,Premium,1
1978,Free,0
1979,Free,1
1980,Family,1
1981,Free,0
1982,Free,0
1983,Family,0
1984,Family,1
1985,Corporate,1
1986,Family,1
1987,Family,1
1988,Free,1
1989,Free,0
1990,Premium,0
1991,Free,0
1992,Free,1
1993,Free,1
1994,Free,0
1995,Premium,1
1996,Free,0
1997,Free,1
1998,Free,0
1999,Premium,1
2000,Free,0
2001,Free,0
2002,Premium,0
2003,Free,1
2004,Free,1
2005,Free,0
2006,Free,1
2007,Corporate,1
2008,Free,0
2009,Premium,0
2010,Free,0
2011,Free,1
2012,Premium,1
2013,Free,0
2014,Free,1
2015,Free,0
2016,Free,0
2017,Premium,1
2018,Free,1
2019,Family,1
2020,Premium,0
2021,Free,1
2022,Free,0
2023,Free,0
2024,Premium,0
2025,Free,1
2026,Family,1
2027,Free,0
2028,Family,0
2029,Free,1
2030,Family,1
2031,Free,0
2032,Free,1
2033,Free,0
2034,Free,0
2035,Corporate,1
2036,Free,1
2037,Free,0
2038,Premium,1
2039,Free,1
2040,Free,0
2041,Premium,1
2042,Free,0
2043,Family,0
2044,Free,1
2045,Free,1
2046,Premium,1
2047,Premium,1
2048,Free,0
2049,Premium,1
2050,Free,0
2051,Free,1
2052,Family,1
2053,Free,0
2054,Free,0
2055,Family,1
2056,Corporate,1
2057,Free,1
2058,Free,1
2059,Premium,1
2060,Corporate,1
2061,Family,1
2062,Free,1
2063,Free,1
2064,Free,1
2065,Premium,0
2066,Premium,1
2067,Premium,0
2068,Corporate,1
2069,Free,0
2070,Free,1
2071,Free,1
2072,Free,1
2073,Free,1
2074,Free,0
2075,Premium,1
2076,Family,1
2077,Free,1
2078,Free,1
2079,Free,0
2080,Premium,0
2081,Premium,1
2082,Premium,1
2083,Free,1
2084,Free,0
2085,Free,1
2086,Premium,1
2087,Family,1
2088,Family,1
2089,Free,1
2090,Premium,1
2091,Corporate,0
2092,Free,0
2093,Free,0
2094,Corporate,1
2095,Free,0
2096,Family,1
2097,Corporate,1
2098,Premium,1
2099,Family,1
2100,Premium,1
2101,Premium,1
2102,Free,0
2103,Free,1
2104,Free,0
2105,Premium,1
2106,Free,1
2107,Free,0
2108,Free,1
2109,Premium,0
2110,Corporate,1
2111,Corporate,1
2112,Free,0
2113,Family,0
2114,Premium,1
2115,Free,0
2116,Premium,1
2117,Free,0
2118,Corporate,1
2119,Free,1
2120,Free,0
2121,Premium,0
2122,Free,0
2123,Free,1
2124,Premium,1
2125,Free,0
2126,Premium,1
2127,Free,1
2128,Premium,1
2129,Premium,1
2130,Free,1
2131,Premium,1
2132,Premium,1
2133,Premium,1
2134,Premium,1
2135,Family,1
2136,Free,0
2137,Free,0
2138,Corporate,1
2139,Free,0
2140,Free,0
2141,Free,0
2142,Free,1
2143,Free,1
2144,Corporate,1
2145,Free,1
2146,Free,0
2147,Corporate,1
2148,Corporate,1
2149,Free,0
2150,Free,0
2151,Family,0
2152,Premium,1
2153,Premium,1
2154,Family,1
2155,Premium,0
2156,Free,0
2157,Premium,1
2158,Free,1
2159,Premium,1
2160,Premium,1
2161,Free,0
2162,Free,0
2163,Free,0
2164,Free,0
2165,Premium,1
2166,Free,0
2167,Premium,1
2168,Free,0
2169,Premium,1
2170,Family,1
2171,Premium,1
2172,Free,0
2173,Corporate,1
2174,Free,0
2175,Free,1
2176,Free,1
2177,Free,0
2178,Corporate,1
2179,Free,0
2180,Premium,1
2181,Premium,0
2182,Free,0
2183,Premium,1
2184,Free,1
2185,Free,1
2186,Free,0
2187,Corporate,1
2188,Corporate,1
2189,Free,1
2190,Free,0
2191,Premium,1
2192,Free,0
2193,Family,1
2194,Premium,1
2195,Free,1
2196,Family,0
2197,Free,0
2198,Family,1
2199,Corporate,1
2200,Free,0
2201,Free,1
2202,Corporate,1
2203,Family,1
2204,Free,1
2205,Family,1
2206,Free,1
2207,Free,1
2208,Family,0
2209,Free,1
2210,Corporate,1
2211,Free,1
2212,Premium,1
2213,Free,1
2214,Free,0
2215,Premium,1
2216,Free,0
2217,Free,1
2218,Free,1
2219,Free,0
2220,Family,1
2221,Free,1
2222,Premium,0
2223,Free,1
2224,Free,1
2225,Free,0
2226,Free,1
2227,Free,0
2228,Premium,1
2229,Family,0
2230,Free,0
2231,Free,0
2232,Free,0
2233,Free,1
2234,Free,0
2235,Free,1
2236,Free,0
2237,Free,0
2238,Free,0
2239,Free,0
2240,Free,1
2241,Free,0
2242,Free,1
2243,Free,0
2244,Free,1
2245,Free,0
2246,Free,1
2247,Free,0
2248,Free,1
2249,Free,0
2250,Premium,1
2251,Free,0
2252,Free,1
2253,Family,0
2254,Free,1
2255,Free,0
2256,Family,1
2257,Family,0
2258,Free,1
2259,Free,1
2260,Free,0
2261,Free,1
2262,Premium,1
2263,Free,0
2264,Free,0
2265,Corporate,1
2266,Corporate,1
2267,Free,1
2268,Premium,1
2269,Free,1
2270,Family,0
2271,Free,1
2272,Free,0
2273,Free,0
2274,Free,0
2275,Free,1
2276,Premium,0
2277,Premium,1
2278,Free,0
2279,Free,0
2280,Free,1
2281,Family,1
2282,Corporate,1
2283,Corporate,1
2284,Family,1
2285,Free,1
2286,Free,1
2287,Premium,1
2288,Family,1
2289,Free,1
2290,Free,0
2291,Family,0
2292,Free,0
2293,Free,1
2294,Premium,1
2295,Free,0
2296,Free,0
2297,Premium,1
2298,Premium,1
2299,Corporate,1
2300,Free,1
2301,Free,0
2302,Premium,1
2303,Free,1
2304,Free,0
2305,Premium,0
2306,Free,0
2307,Free,0
2308,Free,1
2309,Free,1
2310,Free,1
2311,Free,0
2312,Premium,1
2313,Family,1
2314,Free,1
2315,Free,1
2316,Free,1
2317,Free,0
2318,Premium,1
2319,Premium,1
2320,Premium,1
2321,Free,0
2322,Free,0
2323,Free,1
2324,Free,1
2325,Premium,1
2326,Corporate,1
2327,Free,0
2328,Premium,1
2329,Free,1
2330,Free,1
2331,Premium,1
2332,Free,0
2333,Free,1
2334,Premium,1
2335,Family,0
2336,Free,0
2337,Free,0
2338,Family,1
2339,Family,1
2340,Premium,1
2341,Free,0
2342,Family,1
2343,Free,1
2344,Premium,0
2345,Free,0
2346,Premium,1
2347,Free,1
2348,Free,1
2349,Free,0
2350,Free,0
2351,Premium,0
2352,Family,1
2353,Corporate,1
2354,Free,0
2355,Premium,1
2356,Premium,1
2357,Free,1
2358,Free,1
2359,Premium,1
2360,Corporate,1
2361,Premium,1
2362,Free,1
2363,Free,0
2364,Free,1
2365,Premium,1
2366,Premium,1
2367,Free,0
2368,Family,1
2369,Free,1
2370,Corporate,1
2371,Free,0
2372,Free,0
2373,Free,0
2374,Free,0
2375,Free,0
2376,Premium,1
2377,Premium,1
2378,Premium,1
2379,Free,0
2380,Free,1
2381,Free,0
2382,Premium,1
2383,Free,1
2384,Family,1
2385,Premium,1
2386,Free,1
2387,Free,0
2388,Free,0
2389,Free,0
2390,Family,1
2391,Family,0
2392,Free,1
2393,Premium,1
2394,Premium,1
2395,Premium,0
2396,Free,0
2397,Free,0
2398,Free,1
2399,Family,1
2400,Free,1
2401,Free,0
2402,Corporate,1
2403,Premium,1
2404,Family,1
2405,Free,0
2406,Free,0
2407,Corporate,1
2408,Free,1
2409,Free,0
2410,Free,0
2411,Free,1
2412,Free,1
2413,Family,1
2414,Corporate,1
2415,Corporate,1
2416,Free,1
2417,Free,0
2418,Free,0
2419,Family,1
2420,Free,1
2421,Premium,1
2422,Premium,1
2423,Free,0
2424,Free,0
2425,Corporate,1
2426,Corporate,1
2427,Free,1
2428,Free,1
2429,Corporate,0
2430,Free,0
2431,Free,1
2432,Free,1
2433,Free,1
2434,Free,1
2435,Free,0
2436,Free,1
2437,Free,0
2438,Corporate,1
2439,Family,1
2440,Family,0
2441,Premium,1
2442,Free,1
2443,Free,1
2444,Corporate,1
2445,Free,0
2446,Free,0
2447,Premium,0
2448,Free,0
2449,Free,1
2450,Corporate,0
2451,Family,0
2452,Free,1
2453,Corporate,1
2454,Premium,1
2455,Premium,1
2456,Free,1
2457,Free,0
2458,Premium,0
2459,Family,1
2460,Premium,1
2461,Free,0
2462,Free,0
2463,Family,1
2464,Free,0
2465,Free,0
2466,Free,0
2467,Free,1
2468,Premium,1
2469,Premium,0
2470,Free,1
2471,Free,0
2472,Family,1
2473,Free,1
2474,Free,1
2475,Corporate,1
2476,Free,0
2477,Corporate,1
2478,Free,0
2479,Premium,0
2480,Free,1
2481,Corporate,1
2482,Free,1
2483,Free,0
2484,Corporate,1
2485,Free,1
2486,Free,1
2487,Free,0
2488,Premium,0
2489,Free,1
2490,Free,0
2491,Premium,1
2492,Free,0
2493,Corporate,1
2494,Family,1
2495,Premium,1
2496,Family,1
2497,Premium,0
2498,Free,0
2499,Premium,1
2500,Free,0
2501,Free,0
2502,Family,1
2503,Free,0
2504,Family,1
2505,Free,0
2506,Premium,1
2507,Free,0
2508,Premium,1
2509,Premium,0
2510,Premium,1
2511,Free,0
2512,Free,1
2513,Free,1
2514,Premium,0
2515,Corporate,1
2516,Free,0
2517,Premium,0
2518,Family,1
2519,Free,1
2520,Premium,0
2521,Family,1
2522,Free,0
2523,Free,1
2524,Free,0
2525,Corporate,1
2526,Family,1
2527,Premium,1
2528,Free,0
2529,Free,0
2530,Free,1
2531,Free,0
2532,Premium,1
2533,Corporate,1
2534,Family,1
2535,Premium,1
2536,Free,1
2537,Free,1
2538,Free,1
2539,Premium,1
2540,Family,1
2541,Free,1
2542,Free,0
2543,Free,0
2544,Free,1
2545,Free,1
2546,Free,0
2547,Free,0
2548,Family,1
2549,Premium,1
2550,Free,0
2551,Free,1
2552,Free,0
2553,Free,0
2554,Free,0
2555,Free,0
2556,Premium,1
2557,Premium,1
2558,Free,1
2559,Family,1
2560,Free,1
2561,Free,1
2562,Premium,1
2563,Premium,1
2564,Corporate,1
2565,Premium,1
2566,Family,1
2567,Family,1
2568,Premium,1
2569,Free,1
2570,Premium,1
2571,Corporate,1
2572,Premium,1
2573,Free,1
2574,Premium,0
2575,Free,0
2576,Free,1
2577,Free,0
2578,Premium,1
2579,Family,1
2580,Free,0
2581,Free,1
2582,Free,1
2583,Premium,1
2584,Free,1
2585,Free,0
2586,Free,1
2587,Free,1
2588,Free,0
2589,Premium,1
2590,Free,1
2591,Premium,1
2592,Free,0
2593,Free,0
2594,Free,0
2595,Premium,1
2596,Corporate,1
2597,Family,1
2598,Premium,0
2599,Free,0
2600,Family,1
2601,Premium,1
2602,Free,0
2603,Family,1
2604,Free,1
2605,Free,1
2606,Free,0
2607,Free,1
2608,Free,1
2609,Free,0
2610,Free,1
2611,Free,0
2612,Premium,1
2613,Premium,1
2614,Free,0
2615,Free,0
2616,Free,1
2617,Family,1
2618,Free,0
2619,Free,1
2620,Free,0
2621,Premium,0
2622,Free,1
2623,Free,0
2624,Free,1
2625,Free,0
2626,Family,1
2627,Family,0
2628,Premium,1
2629,Premium,1
2630,Free,0
2631,Premium,1
2632,Premium,1
2633,Free,0
2634,Family,0
2635,Free,0
2636,Free,0
2637,Premium,1
2638,Premium,1
2639,Premium,1
2640,Free,0
2641,Family,1
2642,Free,0
2643,Free,1
2644,Corporate,1
2645,Premium,1
2646,Free,1
2647,Premium,1
2648,Free,1
2649,Free,1
2650,Free,1
2651,Corporate,1
2652,Free,0
2653,Premium,1
2654,Free,0
2655,Premium,1
2656,Free,1
2657,Premium,1
2658,Free,1
2659,Premium,1
2660,Corporate,1
2661,Premium,0
2662,Free,1
2663,Corporate,1
2664,Free,0
2665,Premium,1
2666,Family,1
2667,Free,1
2668,Free,0
2669,Free,1
2670,Premium,1
2671,Premium,1
2672,Free,1
2673,Free,0
2674,Free,1
2675,Free,1
2676,Free,0
2677,Family,1
2678,Free,1
2679,Family,1
2680,Premium,1
2681,Free,1
2682,Premium,1
2683,Free,1
2684,Free,0
2685,Free,0
2686,Free,1
2687,Free,1
2688,Free,1
2689,Free,0
2690,Free,0
2691,Free,0
2692,Free,0
2693,Free,0
2694,Free,1
2695,Corporate,1
2696,Free,0
2697,Premium,1
2698,Free,0
2699,Corporate,1
2700,Free,0
2701,Corporate,1
2702,Premium,1
2703,Free,0
2704,Family,0
2705,Free,0
2706,Free,0
2707,Premium,1
2708,Corporate,1
2709,Free,1
2710,Free,1
2711,Premium,0
2712,Premium,0
2713,Family,1
2714,Premium,1
2715,Free,1
2716,Corporate,1
2717,Free,1
2718,Free,1
2719,Free,1
2720,Premium,1
2721,Free,0
2722,Premium,1
2723,Free,1
2724,Free,1
2725,Family,1
2726,Free,0
2727,Free,1
2728,Free,1
2729,Corporate,1
2730,Free,1
2731,Free,0
2732,Free,1
2733,Free,1
2734,Free,0
2735,Free,0
2736,Free,0
2737,Corporate,1
2738,Free,0
2739,Free,0
2740,Free,0
2741,Free,0
2742,Premium,1
2743,Free,0
2744,Free,0
2745,Premium,1
2746,Free,0
2747,Free,1
2748,Free,1
2749,Free,0
2750,Free,1
2751,Free,1
2752,Premium,1
2753,Family,0
2754,Free,0
2755,Free,0
2756,Free,1
2757,Free,0
2758,Free,0
2759,Family,1
2760,Premium,0
2761,Corporate,1
2762,Family,1
2763,Free,0
2764,Free,0
2765,Free,1
2766,Free,1
2767,Family,1
2768,Free,1
2769,Family,1
2770,Free,0
2771,Family,0
2772,Corporate,1
2773,Premium,1
2774,Premium,1
2775,Free,0
2776,Family,1
2777,Corporate,0
2778,Premium,1
2779,Premium,1
2780,Premium,1
2781,Family,0
2782,Free,1
2783,Family,1
2784,Free,0
2785,Free,0
2786,Free,0
2787,Free,1
2788,Free,1
2789,Free,0
2790,Free,1
2791,Free,0
2792,Free,1
2793,Premium,0
2794,Corporate,1
2795,Premium,1
2796,Corporate,0
2797,Premium,1
2798,Free,1
2799,Premium,0
2800,Premium,1
2801,Free,1
2802,Free,1
2803,Premium,1
2804,Free,1
2805,Premium,1
2806,Free,0
2807,Premium,1
2808,Free,1
2809,Free,0
2810,Free,0
2811,Premium,1
2812,Family,0
2813,Family,0
2814,Free,1
2815,Premium,1
2816,Free,1
2817,Free,0
2818,Free,0
2819,Premium,1
2820,Free,1
2821,Free,0
2822,Premium,1
2823,Premium,0
2824,Free,1
2825,Free,0
2826,Free,1
2827,Free,0
2828,Premium,1
2829,Free,1
2830,Premium,1
2831,Family,1
2832,Free,0
2833,Corporate,1
2834,Free,0
2835,Free,0
2836,Free,1
2837,Free,0
2838,Free,0
2839,Free,1
2840,Premium,1
2841,Family,0
2842,Premium,0
2843,Free,0
2844,Premium,1
2845,Premium,1
2846,Family,0
2847,Family,1
2848,Family,1
2849,Free,1
2850,Premium,0
2851,Free,0
2852,Corporate,1
2853,Free,1
2854,Free,0
2855,Free,1
2856,Premium,1
2857,Free,1
2858,Free,1
2859,Corporate,1
2860,Family,0
2861,Free,1
2862,Free,1
2863,Family,1
2864,Family,1
2865,Free,1
2866,Premium,1
2867,Free,0
2868,Family,1
2869,Premium,1
2870,Free,1
2871,Free,1
2872,Family,1
2873,Premium,1
2874,Free,1
2875,Premium,1
2876,Premium,1
2877,Free,1
2878,Premium,1
2879,Premium,0
2880,Corporate,1
2881,Free,0
2882,Free,1
2883,Free,1
2884,Premium,1
2885,Premium,1
2886,Family,0
2887,Premium,1
2888,Free,1
2889,Corporate,1
2890,Free,1
2891,Family,0
2892,Free,1
2893,Premium,1
2894,Premium,1
2895,Premium,0
2896,Free,1
2897,Free,0
2898,Premium,1
2899,Family,0
2900,Free,1
2901,Family,1
2902,Free,0
2903,Free,0
2904,Premium,1
2905,Premium,0
2906,Corporate,1
2907,Premium,0
2908,Free,0
2909,Free,0
2910,Free,0
2911,Free,0
2912,Premium,1
2913,Free,0
2914,Free,1
2915,Free,0
2916,Free,0
2917,Free,1
2918,Family,1
2919,Premium,1
2920,Premium,1
2921,Premium,1
2922,Free,1
2923,Family,0
2924,Free,1
2925,Free,1
2926,Premium,1
2927,Free,1
2928,Premium,1
2929,Free,0
2930,Premium,1
2931,Free,1
2932,Free,1
2933,Premium,1
2934,Free,0
2935,Free,1
2936,Free,0
2937,Premium,1
2938,Premium,0
2939,Free,1
2940,Corporate,1
2941,Family,0
2942,Premium,1
2943,Premium,1
2944,Free,1
2945,Premium,0
2946,Free,0
2947,Free,0
2948,Corporate,1
2949,Premium,1
2950,Free,0
2951,Free,1
2952,Premium,0
2953,Free,1
2954,Free,1
2955,Free,0
2956,Free,1
2957,Premium,1
2958,Free,1
2959,Premium,1
2960,Free,0
2961,Premium,1
2962,Corporate,1
2963,Premium,1
2964,Family,1
2965,Corporate,1
2966,Free,1
2967,Premium,0
2968,Family,1
2969,Free,1
2970,Free,0
2971,Corporate,1
2972,Premium,1
2973,Free,0
2974,Free,1
2975,Premium,0
2976,Free,0
2977,Premium,1
2978,Premium,1
2979,Premium,0
2980,Free,0
2981,Premium,1
2982,Premium,1
2983,Premium,1
2984,Free,1
2985,Free,1
2986,Corporate,1
2987,Free,0
2988,Free,0
2989,Free,1
2990,Family,1
2991,Free,0
2992,Free,0
2993,Free,0
2994,Premium,0
2995,Free,0
2996,Free,1
2997,Free,1
2998,Family,0
2999,Free,0
3000,Free,1
3001,Free,0
3002,Corporate,1
3003,Premium,0
3004,Corporate,1
3005,Family,1
3006,Free,0
3007,Premium,1
3008,Free,1
3009,Premium,0
3010,Free,0
3011,Free,0
3012,Corporate,1
3013,Free,1
3014,Family,0
3015,Free,1
3016,Free,1
3017,Family,1
3018,Premium,1
3019,Premium,0
3020,Free,0
3021,Free,0
3022,Premium,1
3023,Premium,1
3024,Free,0
3025,Corporate,1
3026,Premium,1
3027,Family,1
3028,Premium,1
3029,Premium,1
3030,Free,0
3031,Free,0
3032,Family,1
3033,Free,1
3034,Free,1
3035,Free,0
3036,Free,1
3037,Corporate,1
3038,Family,1
3039,Free,0
3040,Free,0
3041,Premium,1
3042,Premium,1
3043,Corporate,1
3044,Premium,1
3045,Free,1
3046,Free,0
3047,Corporate,1
3048,Premium,1
3049,Premium,1
3050,Free,1
3051,Premium,0
3052,Premium,1
3053,Free,0
3054,Free,0
3055,Free,0
3056,Free,0
3057,Free,0
3058,Free,1
3059,Premium,1
3060,Free,0
3061,Free,1
3062,Family,1
3063,Premium,1
3064,Premium,1
3065,Free,1
3066,Premium,1
3067,Free,1
3068,Family,1
3069,Free,0
3070,Premium,1
3071,Free,0
3072,Premium,0
3073,Free,0
3074,Free,0
3075,Free,1
3076,Premium,1
3077,Corporate,0
3078,Family,1
3079,Free,0
3080,Free,0
3081,Corporate,1
3082,Free,0
3083,Premium,1
3084,Family,1
3085,Family,1
3086,Free,0
3087,Free,0
3088,Free,1
3089,Premium,1
3090,Free,0
3091,Free,0
3092,Free,0
3093,Free,0
3094,Premium,1
3095,Premium,1
3096,Free,0
3097,Free,0
3098,Family,1
3099,Free,1
3100,Premium,1
3101,Family,1
3102,Free,0
3103,Premium,1
3104,Corporate,1
3105,Free,1
3106,Free,0
3107,Free,0
3108,Free,0
3109,Family,0
3110,Family,1
3111,Premium,1
3112,Free,0
3113,Free,0
3114,Premium,0
3115,Free,0
3116,Premium,1
3117,Free,1
3118,Premium,0
3119,Premium,1
3120,Free,1
3121,Free,0
3122,Free,1
3123,Free,0
3124,Premium,1
3125,Premium,0
3126,Premium,1
3127,Corporate,1
3128,Free,0
3129,Free,1
3130,Free,0
3131,Premium,1
3132,Free,0
3133,Family,1
3134,Free,1
3135,Corporate,1
3136,Corporate,1
3137,Free,1
3138,Free,0
3139,Premium,1
3140,Free,0
3141,Free,0
3142,Premium,1
3143,Free,0
3144,Premium,1
3145,Premium,0
3146,Free,0
3147,Free,1
3148,Free,1
3149,Premium,1
3150,Free,0
3151,Family,1
3152,Free,1
3153,Free,1
3154,Free,0
3155,Free,0
3156,Free,0
3157,Premium,1
3158,Free,1
3159,Free,1
3160,Free,0
3161,Premium,0
3162,Premium,1
3163,Free,0
3164,Family,0
3165,Free,0
3166,Premium,1
3167,Free,1
3168,Free,1
3169,Corporate,1
3170,Free,0
3171,Premium,1
3172,Free,1
3173,Premium,0
3174,Family,0
3175,Free,0
3176,Family,1
3177,Premium,1
3178,Premium,1
3179,Free,1
3180,Family,1
3181,Free,1
3182,Free,1
3183,Family,0
3184,Premium,1
3185,Free,0
3186,Free,1
3187,Free,0
3188,Free,1
3189,Free,0
3190,Premium,1
3191,Free,1
3192,Premium,1
3193,Family,1
3194,Free,1
3195,Free,0
3196,Free,0
3197,Free,1
3198,Premium,1
3199,Free,1
3200,Premium,1
3201,Free,0
3202,Free,0
3203,Free,0
3204,Free,0
3205,Free,0
3206,Free,0
3207,Family,1
3208,Premium,1
3209,Free,0
3210,Free,1
3211,Free,1
3212,Free,1
3213,Free,1
3214,Free,0
3215,Free,0
3216,Free,1
3217,Free,1
3218,Free,0
3219,Premium,1
3220,Free,0
3221,Free,0
3222,Premium,1
3223,Family,0
3224,Family,0
3225,Premium,1
3226,Free,1
3227,Premium,0
3228,Premium,1
3229,Free,0
3230,Free,0
3231,Family,1
3232,Free,1
3233,Free,0
3234,Free,1
3235,Free,0
3236,Free,0
3237,Premium,0
3238,Premium,1
3239,Free,0
3240,Family,0
3241,Free,0
3242,Free,0
3243,Premium,1
3244,Premium,1
3245,Premium,1
3246,Family,0
3247,Premium,1
3248,Family,1
3249,Free,0
3250,Premium,1
3251,Corporate,0
3252,Premium,1
3253,Free,1
3254,Free,1
3255,Premium,1
3256,Free,0
3257,Corporate,0
3258,Free,0
3259,Free,1
3260,Family,1
3261,Free,0
3262,Free,0
3263,Premium,1
3264,Premium,0
3265,Free,0
3266,Corporate,1
3267,Free,1
3268,Premium,1
3269,Free,0
3270,Premium,0
3271,Free,0
3272,Free,0
3273,Free,0
3274,Family,0
3275,Free,1
3276,Premium,1
3277,Family,0
3278,Free,1
3279,Free,1
3280,Free,1
3281,Premium,1
3282,Free,1
3283,Free,1
3284,Premium,0
3285,Premium,1
3286,Free,0
3287,Free,1
3288,Premium,1
3289,Corporate,1
3290,Family,1
3291,Premium,1
3292,Free,1
3293,Free,0
3294,Free,0
3295,Free,0
3296,Premium,1
3297,Free,1
3298,Free,0
3299,Corporate,1
3300,Free,0
3301,Free,0
3302,Free,0
3303,Premium,1
3304,Premium,1
3305,Free,0
3306,Free,0
3307,Premium,1
3308,Family,1
3309,Corporate,1
3310,Family,1
3311,Premium,1
3312,Free,0
3313,Free,1
3314,Free,0
3315,Premium,1
3316,Family,1
3317,Free,0
3318,Free,1
3319,Free,1
3320,Corporate,1
3321,Premium,1
3322,Family,1
3323,Family,1
3324,Corporate,1
3325,Premium,0
3326,Premium,1
3327,Free,0
3328,Free,1
3329,Free,1
3330,Free,1
3331,Corporate,0
3332,Free,1
3333,Family,0
3334,Free,0
3335,Free,0
3336,Corporate,1
3337,Free,0
3338,Free,0
3339,Free,0
3340,Premium,0
3341,Free,1
3342,Premium,1
3343,Premium,1
3344,Premium,1
3345,Premium,1
3346,Free,0
3347,Free,1
3348,Family,1
3349,Free,1
3350,Free,0
3351,Free,0
3352,Family,0
3353,Free,1
3354,Free,0
3355,Premium,0
3356,Premium,0
3357,Free,0
3358,Free,1
3359,Premium,1
3360,Corporate,1
3361,Premium,1
3362,Free,0
3363,Free,0
3364,Family,1
3365,Family,1
3366,Free,0
3367,Free,0
3368,Premium,1
3369,Free,0
3370,Free,0
3371,Free,0
3372,Free,0
3373,Free,0
3374,Premium,1
3375,Free,0
3376,Free,1
3377,Free,1
3378,Free,1
3379,Free,0
3380,Free,1
3381,Premium,1
3382,Free,1
3383,Free,0
3384,Free,1
3385,Free,0
3386,Family,1
3387,Free,0
3388,Corporate,0
3389,Free,0
3390,Family,1
3391,Free,0
3392,Premium,1
3393,Free,1
3394,Free,1
3395,Family,1
3396,Premium,0
3397,Free,1
3398,Free,0
3399,Free,0
3400,Family,1
3401,Free,0
3402,Free,0
3403,Premium,1
3404,Family,1
3405,Premium,1
3406,Premium,1
3407,Premium,0
3408,Free,0
3409,Free,0
3410,Family,1
3411,Free,1
3412,Family,1
3413,Free,0
3414,Free,0
3415,Corporate,0
3416,Premium,1
3417,Free,1
3418,Premium,1
3419,Premium,1
3420,Free,0
3421,Free,1
3422,Family,0
3423,Family,1
3424,Free,1
3425,Family,1
3426,Family,1
3427,Free,0
3428,Premium,1
3429,Free,1
3430,Free,0
3431,Premium,1
3432,Family,1
3433,Premium,1
3434,Free,0
3435,Free,0
3436,Free,1
3437,Free,1
3438,Free,0
3439,Premium,1
3440,Free,0
3441,Premium,0
3442,Free,0
3443,Premium,1
3444,Free,1
3445,Free,1
3446,Free,0
3447,Free,1
3448,Family,1
3449,Free,1
3450,Premium,1
3451,Corporate,1
3452,Premium,1
3453,Free,0
3454,Family,1
3455,Free,1
3456,Free,0
3457,Family,0
3458,Premium,1
3459,Free,1
3460,Free,0
3461,Free,1
3462,Free,1
3463,Free,1
3464,Corporate,1
3465,Corporate,1
3466,Family,0
3467,Free,0
3468,Premium,1
3469,Family,1
3470,Family,1
3471,Free,1
3472,Free,1
3473,Free,0
3474,Premium,0
3475,Premium,1
3476,Family,0
3477,Free,1
3478,Free,1
3479,Free,1
3480,Free,0
3481,Free,0
3482,Premium,1
3483,Free,1
3484,Premium,1
3485,Free,0
3486,Free,1
3487,Free,1
3488,Family,0
3489,Free,0
3490,Family,1
3491,Free,1
3492,Family,1
3493,Family,1
3494,Free,0
3495,Premium,1
3496,Free,1
3497,Family,1
3498,Free,0
3499,Free,0
3500,Premium,1
3501,Family,1
3502,Free,0
3503,Premium,0
3504,Free,0
3505,Free,0
3506,Premium,1
3507,Free,1
3508,Free,1
3509,Family,0
3510,Free,0
3511,Premium,0
3512,Free,1
3513,Free,0
3514,Free,0
3515,Premium,1
3516,Premium,0
3517,Free,1
3518,Free,1
3519,Family,1
3520,Free,0
3521,Family,0
3522,Free,1
3523,Premium,1
3524,Free,0
3525,Family,0
3526,Premium,1
3527,Free,0
3528,Free,0
3529,Premium,1
3530,Premium,1
3531,Free,0
3532,Free,1
3533,Family,0
3534,Free,1
3535,Premium,0
3536,Free,1
3537,Family,1
3538,Family,1
3539,Corporate,1
3540,Free,0
3541,Family,1
3542,Free,1
3543,Premium,1
3544,Free,0
3545,Free,0
3546,Corporate,1
3547,Free,0
3548,Premium,1
3549,Premium,0
3550,Premium,1
3551,Free,1
3552,Free,1
3553,Family,1
3554,Free,0
3555,Free,0
3556,Free,0
3557,Free,0
3558,Family,1
3559,Free,1
3560,Premium,1
3561,Free,1
3562,Free,0
3563,Free,1
3564,Free,1
3565,Free,1
3566,Premium,1
3567,Free,1
3568,Free,0
3569,Free,1
3570,Free,0
3571,Corporate,1
3572,Free,0
3573,Free,1
3574,Free,1
3575,Corporate,1
3576,Free,0
3577,Family,0
3578,Free,0
3579,Corporate,1
3580,Family,1
3581,Premium,1
3582,Free,1
3583,Free,0
3584,Free,0
3585,Free,1
3586,Free,1
3587,Free,0
3588,Premium,1
3589,Free,1
3590,Free,1
3591,Free,1
3592,Corporate,1
3593,Free,0
3594,Premium,1
3595,Free,1
3596,Free,0
3597,Free,0
3598,Free,1
3599,Family,1
3600,Premium,0
3601,Free,1
3602,Corporate,1
3603,Free,1
3604,Corporate,1
3605,Corporate,1
3606,Free,1
3607,Free,0
3608,Free,1
3609,Premium,0
3610,Free,1
3611,Corporate,0
3612,Premium,0
3613,Free,0
3614,Free,0
3615,Premium,1
3616,Free,0
3617,Premium,1
3618,Free,1
3619,Free,0
3620,Free,1
3621,Premium,0
3622,Free,0
3623,Premium,1
3624,Free,0
3625,Premium,1
3626,Premium,1
3627,Free,0
3628,Premium,1
3629,Free,0
3630,Free,0
3631,Free,1
3632,Premium,0
3633,Family,1
3634,Premium,1
3635,Free,1
3636,Premium,0
3637,Free,0
3638,Family,1
3639,Free,1
3640,Corporate,1
3641,Premium,1
3642,Premium,1
3643,Premium,1
3644,Free,0
3645,Premium,1
3646,Free,1
3647,Premium,1
3648,Premium,1
3649,Family,0
3650,Free,0
3651,Free,0
3652,Free,0
3653,Premium,1
3654,Free,0
3655,Free,1
3656,Family,0
3657,Premium,1
3658,Free,1
3659,Free,0
3660,Premium,0
3661,Free,0
3662,Premium,1
3663,Free,1
3664,Family,0
3665,Free,1
3666,Free,0
3667,Premium,1
3668,Premium,1
3669,Free,1
3670,Premium,1
3671,Free,1
3672,Family,1
3673,Family,1
3674,Free,1
3675,Family,1
3676,Free,0
3677,Free,1
3678,Corporate,1
3679,Premium,1
3680,Free,0
3681,Free,0
3682,Free,0
3683,Corporate,1
3684,Free,0
3685,Free,0
3686,Free,1
3687,Free,0
3688,Free,0
3689,Free,0
3690,Free,0
3691,Free,1
3692,Family,0
3693,Free,1
3694,Premium,1
3695,Premium,1
3696,Family,0
3697,Family,0
3698,Free,0
3699,Free,0
3700,Free,0
3701,Free,0
3702,Premium,0
3703,Premium,1
3704,Family,1
3705,Free,0
3706,Family,0
3707,Free,0
3708,Free,0
3709,Free,0
3710,Premium,0
3711,Free,0
3712,Corporate,1
3713,Family,1
3714,Family,1
3715,Free,0
3716,Family,0
3717,Premium,1
3718,Free,1
3719,Free,1
3720,Free,0
3721,Free,0
3722,Free,1
3723,Corporate,1
3724,Free,0
3725,Free,1
3726,Corporate,1
3727,Free,1
3728,Family,1
3729,Free,0
3730,Premium,1
3731,Free,0
3732,Premium,1
3733,Free,1
3734,Premium,1
3735,Free,1
3736,Family,1
3737,Free,1
3738,Free,0
3739,Premium,1
3740,Free,0
3741,Premium,1
3742,Corporate,1
3743,Premium,0
3744,Free,1
3745,Premium,1
3746,Premium,1
3747,Family,0
3748,Free,0
3749,Free,1
3750,Free,0
3751,Free,1
3752,Free,0
3753,Free,0
3754,Family,1
3755,Corporate,1
3756,Premium,1
3757,Free,0
3758,Free,1
3759,Corporate,1
3760,Corporate,0
3761,Corporate,1
3762,Premium,0
3763,Free,0
3764,Family,1
3765,Free,1
3766,Free,0
3767,Premium,1
3768,Free,1
3769,Free,1
3770,Free,0
3771,Free,0
3772,Family,1
3773,Free,1
3774,Free,0
3775,Free,0
3776,Free,1
3777,Free,1
3778,Premium,0
3779,Free,0
3780,Premium,1
3781,Corporate,0
3782,Premium,1
3783,Free,1
3784,Free,0
3785,Family,1
3786,Free,0
3787,Family,1
3788,Family,1
3789,Corporate,1
3790,Corporate,1
3791,Premium,1
3792,Free,0
3793,Corporate,1
3794,Free,0
3795,Free,0
3796,Premium,1
3797,Premium,0
3798,Family,1
3799,Premium,1
3800,Free,1
3801,Corporate,0
3802,Family,1
3803,Premium,1
3804,Free,1
3805,Free,1
3806,Premium,1
3807,Free,0
3808,Free,0
3809,Premium,1
3810,Free,1
3811,Free,0
3812,Free,1
3813,Free,0
3814,Premium,0
3815,Free,0
3816,Free,1
3817,Premium,1
3818,Corporate,1
3819,Premium,1
3820,Free,0
3821,Free,0
3822,Family,0
3823,Free,0
3824,Premium,0
3825,Free,1
3826,Free,0
3827,Family,1
3828,Premium,1
3829,Premium,1
3830,Free,0
3831,Free,0
3832,Premium,1
3833,Premium,1
3834,Free,1
3835,Free,1
3836,Free,1
3837,Corporate,1
3838,Premium,0
3839,Corporate,1
3840,Free,0
3841,Corporate,1
3842,Free,0
3843,Free,1
3844,Family,0
3845,Free,0
3846,Free,0
3847,Free,1
3848,Free,0
3849,Premium,1
3850,Premium,1
3851,Premium,1
3852,Premium,0
3853,Premium,0
3854,Free,1
3855,Free,0
3856,Corporate,0
3857,Free,0
3858,Premium,1
3859,Free,0
3860,Premium,0
3861,Premium,1
3862,Free,0
3863,Free,1
3864,Premium,1
3865,Free,1
3866,Free,1
3867,Premium,1
3868,Free,1
3869,Family,0
3870,Free,1
3871,Free,0
3872,Premium,0
3873,Free,0
3874,Free,0
3875,Free,0
3876,Free,1
3877,Free,0
3878,Free,0
3879,Free,0
3880,Free,0
3881,Premium,1
3882,Premium,1
3883,Free,0
3884,Premium,1
3885,Family,1
3886,Premium,1
3887,Premium,1
3888,Free,1
3889,Family,0
3890,Free,0
3891,Free,0
3892,Premium,1
3893,Free,0
3894,Free,1
3895,Premium,1
3896,Premium,1
3897,Premium,1
3898,Family,1
3899,Free,0
3900,Free,1
3901,Premium,1
3902,Free,0
3903,Premium,1
3904,Free,0
3905,Free,1
3906,Free,0
3907,Premium,1
3908,Free,1
3909,Free,0
3910,Free,0
3911,Free,1
3912,Free,1
3913,Free,0
3914,Free,1
3915,Free,1
3916,Free,1
3917,Premium,1
3918,Family,1
3919,Free,0
3920,Free,0
3921,Free,0
3922,Premium,1
3923,Free,0
3924,Free,0
3925,Premium,1
3926,Free,1
3927,Premium,1
3928,Free,1
3929,Premium,1
3930,Free,0
3931,Family,0
3932,Premium,1
3933,Free,1
3934,Free,1
3935,Free,1
3936,Family,1
3937,Family,1
3938,Free,1
3939,Family,1
3940,Free,0
3941,Free,1
3942,Family,1
3943,Premium,1
3944,Free,0
3945,Premium,1
3946,Corporate,1
3947,Premium,1
3948,Family,1
3949,Premium,0
3950,Free,1
3951,Family,1
3952,Free,0
3953,Family,0
3954,Free,0
3955,Premium,1
3956,Free,0
3957,Free,0
3958,Free,1
3959,Corporate,1
3960,Corporate,1
3961,Free,0
3962,Corporate,0
3963,Family,0
3964,Premium,0
3965,Free,0
3966,Family,0
3967,Premium,1
3968,Family,1
3969,Family,1
3970,Family,1
3971,Premium,1
3972,Free,0
3973,Free,1
3974,Free,1
3975,Free,0
3976,Premium,1
3977,Premium,1
3978,Family,1
3979,Free,1
3980,Free,1
3981,Free,0
3982,Free,0
3983,Free,1
3984,Premium,1
3985,Free,1
3986,Premium,1
3987,Free,1
3988,Family,1
3989,Family,1
3990,Corporate,1
3991,Family,1
3992,Corporate,1
3993,Family,1
3994,Premium,1
3995,Free,1
3996,Free,0
3997,Free,0
3998,Premium,1
3999,Free,0
4000,Family,0
4001,Corporate,1
4002,Free,0
4003,Free,1
4004,Corporate,1
4005,Free,0
4006,Premium,1
4007,Free,0
4008,Premium,1
4009,Free,0
4010,Family,1
4011,Premium,1
4012,Free,1
4013,Free,1
4014,Free,1
4015,Corporate,1
4016,Premium,1
4017,Free,0
4018,Free,0
4019,Free,1
4020,Premium,0
4021,Premium,1
4022,Free,0
4023,Premium,1
4024,Premium,1
4025,Corporate,0
4026,Corporate,1
4027,Premium,0
4028,Premium,0
4029,Free,0
4030,Family,1
4031,Free,1
4032,Free,1
4033,Free,0
4034,Family,1
4035,Free,0
4036,Free,1
4037,Free,1
4038,Free,1
4039,Free,0
4040,Family,0
4041,Family,1
4042,Free,0
4043,Family,1
4044,Premium,1
4045,Free,0
4046,Premium,1
4047,Corporate,1
4048,Free,0
4049,Free,1
4050,Corporate,1
4051,Premium,1
4052,Free,0
4053,Premium,1
4054,Free,0
4055,Family,1
4056,Free,0
4057,Free,1
4058,Premium,1
4059,Free,0
4060,Free,0
4061,Premium,1
4062,Family,0
4063,Free,1
4064,Premium,1
4065,Free,0
4066,Free,0
4067,Free,0
4068,Free,0
4069,Family,1
4070,Free,0
4071,Premium,1
4072,Free,0
4073,Corporate,1
4074,Premium,1
4075,Premium,1
4076,Free,0
4077,Free,1
4078,Free,1
4079,Corporate,1
4080,Free,0
4081,Premium,1
4082,Premium,1
4083,Free,1
4084,Premium,1
4085,Premium,0
4086,Premium,0
4087,Free,1
4088,Free,0
4089,Free,0
4090,Family,1
4091,Premium,1
4092,Free,1
4093,Corporate,1
4094,Free,1
4095,Family,1
4096,Corporate,1
4097,Family,1
4098,Family,1
4099,Free,0
4100,Free,0
4101,Premium,0
4102,Free,0
4103,Free,0
4104,Premium,1
4105,Free,1
4106,Family,1
4107,Family,1
4108,Family,1
4109,Premium,1
4110,Family,0
4111,Family,0
4112,Premium,1
4113,Free,1
4114,Family,1
4115,Family,0
4116,Free,0
4117,Free,0
4118,Premium,1
4119,Free,0
4120,Corporate,1
4121,Corporate,0
4122,Free,0
4123,Premium,1
4124,Free,0
4125,Premium,1
4126,Free,1
4127,Premium,1
4128,Free,1
4129,Free,0
4130,Free,0
4131,Free,1
4132,Premium,1
4133,Free,1
4134,Free,0
4135,Family,1
4136,Family,1
4137,Family,1
4138,Corporate,1
4139,Free,0
4140,Free,1
4141,Premium,1
4142,Family,1
4143,Corporate,0
4144,Free,1
4145,Free,1
4146,Free,1
4147,Premium,1
4148,Premium,1
4149,Free,1
4150,Free,1
4151,Premium,0
4152,Premium,1
4153,Free,1
4154,Family,1
4155,Premium,1
4156,Family,0
4157,Family,0
4158,Free,0
4159,Free,0
4160,Premium,1
4161,Free,1
4162,Family,1
4163,Premium,1
4164,Family,0
4165,Free,1
4166,Free,0
4167,Premium,0
4168,Free,1
4169,Premium,0
4170,Family,1
4171,Free,0
4172,Premium,1
4173,Free,0
4174,Free,0
4175,Corporate,1
4176,Corporate,0
4177,Free,0
4178,Corporate,1
4179,Free,1
4180,Free,0
4181,Free,1
4182,Corporate,1
4183,Free,1
4184,Premium,1
4185,Premium,0
4186,Premium,1
4187,Free,1
4188,Free,0
4189,Free,0
4190,Premium,1
4191,Premium,1
4192,Premium,1
4193,Premium,1
4194,Free,0
4195,Family,1
4196,Premium,1
4197,Free,1
4198,Free,1
4199,Family,1
4200,Family,1
4201,Free,1
4202,Premium,1
4203,Free,1
4204,Free,0
4205,Premium,1
4206,Premium,1
4207,Premium,0
4208,Free,0
4209,Free,0
4210,Free,1
4211,Free,0
4212,Free,1
4213,Free,1
4214,Free,0
4215,Free,1
4216,Premium,1
4217,Free,0
4218,Free,0
4219,Premium,1
4220,Free,0
4221,Premium,1
4222,Free,0
4223,Free,0
4224,Free,1
4225,Free,1
4226,Premium,1
4227,Corporate,1
4228,Free,0
4229,Free,1
4230,Premium,1
4231,Free,1
4232,Family,1
4233,Free,1
4234,Corporate,1
4235,Free,0
4236,Free,0
4237,Family,0
4238,Premium,1
4239,Free,0
4240,Premium,0
4241,Premium,1
4242,Free,1
4243,Premium,1
4244,Free,0
4245,Family,0
4246,Corporate,1
4247,Free,0
4248,Free,0
4249,Free,1
4250,Free,1
4251,Corporate,1
4252,Free,1
4253,Free,0
4254,Family,0
4255,Family,0
4256,Free,0
4257,Premium,0
4258,Premium,1
4259,Corporate,1
4260,Premium,1
4261,Premium,1
4262,Free,1
4263,Free,0
4264,Premium,1
4265,Corporate,1
4266,Family,1
4267,Corporate,1
4268,Free,0
4269,Premium,1
4270,Family,1
4271,Premium,1
4272,Free,0
4273,Free,0
4274,Family,1
4275,Free,0
4276,Corporate,1
4277,Free,1
4278,Premium,1
4279,Premium,1
4280,Premium,1
4281,Free,1
4282,Corporate,1
4283,Premium,1
4284,Free,0
4285,Premium,1
4286,Free,1
4287,Free,1
4288,Free,0
4289,Family,1
4290,Free,1
4291,Premium,1
4292,Free,0
4293,Free,0
4294,Corporate,1
4295,Premium,1
4296,Corporate,1
4297,Free,1
4298,Free,0
4299,Family,1
4300,Premium,1
4301,Free,1
4302,Free,1
4303,Family,1
4304,Free,0
4305,Premium,1
4306,Free,0
4307,Free,1
4308,Corporate,1
4309,Free,0
4310,Free,1
4311,Family,1
4312,Free,0
4313,Free,0
4314,Premium,1
4315,Free,1
4316,Free,0
4317,Free,0
4318,Premium,1
4319,Premium,0
4320,Premium,1
4321,Free,1
4322,Premium,1
4323,Corporate,1
4324,Free,1
4325,Premium,1
4326,Premium,0
4327,Family,0
4328,Corporate,1
4329,Free,1
4330,Free,0
4331,Free,0
4332,Free,1
4333,Free,0
4334,Family,1
4335,Free,0
4336,Free,1
4337,Premium,1
4338,Free,1
4339,Family,1
4340,Family,0
4341,Free,0
4342,Free,0
4343,Free,1
4344,Premium,0
4345,Free,0
4346,Premium,0
4347,Family,1
4348,Free,0
4349,Family,1
4350,Free,0
4351,Family,1
4352,Free,0
4353,Premium,0
4354,Free,0
4355,Family,1
4356,Free,1
4357,Free,1
4358,Premium,1
4359,Free,1
4360,Premium,1
4361,Family,1
4362,Free,0
4363,Free,0
4364,Free,0
4365,Premium,0
4366,Free,1
4367,Free,0
4368,Free,1
4369,Free,0
4370,Corporate,1
4371,Free,0
4372,Premium,1
4373,Premium,1
4374,Premium,1
4375,Free,1
4376,Premium,0
4377,Family,1
4378,Free,0
4379,Free,0
4380,Free,0
4381,Free,1
4382,Free,1
4383,Premium,1
4384,Free,0
4385,Free,0
4386,Premium,0
4387,Free,1
4388,Premium,1
4389,Free,1
4390,Corporate,1
4391,Free,1
4392,Premium,1
4393,Family,1
4394,Free,1
4395,Free,0
4396,Premium,1
4397,Free,1
4398,Family,1
4399,Corporate,0
4400,Free,1
4401,Free,1
4402,Free,1
4403,Free,1
4404,Premium,0
4405,Premium,1
4406,Free,0
4407,Free,1
4408,Free,0
4409,Free,0
4410,Family,1
4411,Free,0
4412,Family,1
4413,Premium,1
4414,Premium,1
4415,Free,1
4416,Premium,1
4417,Premium,1
4418,Premium,0
4419,Free,1
4420,Free,0
4421,Premium,0
4422,Free,0
4423,Free,0
4424,Corporate,1
4425,Free,0
4426,Free,1
4427,Free,0
4428,Premium,1
4429,Free,1
4430,Premium,1
4431,Free,1
4432,Free,0
4433,Premium,0
4434,Free,0
4435,Corporate,1
4436,Free,1
4437,Free,1
4438,Free,1
4439,Free,0
4440,Corporate,1
4441,Family,1
4442,Free,0
4443,Premium,1
4444,Premium,0
4445,Free,0
4446,Free,1
4447,Family,1
4448,Corporate,1
4449,Corporate,1
4450,Premium,1
4451,Premium,1
4452,Free,0
4453,Free,1
4454,Free,1
4455,Premium,1
4456,Premium,1
4457,Family,1
4458,Family,1
4459,Family,0
4460,Corporate,1
4461,Free,0
4462,Premium,1
4463,Premium,0
4464,Free,1
4465,Corporate,1
4466,Family,1
4467,Free,1
4468,Free,0
4469,Premium,1
4470,Premium,0
4471,Corporate,0
4472,Free,0
4473,Free,1
4474,Free,0
4475,Free,1
4476,Free,0
4477,Family,0
4478,Free,1
4479,Free,0
4480,Free,1
4481,Free,1
4482,Family,0
4483,Premium,1
4484,Premium,1
4485,Free,1
4486,Free,0
4487,Free,1
4488,Free,1
4489,Family,0
4490,Free,1
4491,Premium,1
4492,Free,0
4493,Premium,1
4494,Family,0
4495,Premium,1
4496,Premium,0
4497,Corporate,0
4498,Premium,1
4499,Free,1
4500,Free,0
4501,Premium,1
4502,Premium,1
4503,Free,0
4504,Free,0
4505,Corporate,1
4506,Free,1
4507,Free,1
4508,Free,0
4509,Family,0
4510,Free,0
4511,Premium,0
4512,Free,0
4513,Premium,1
4514,Family,0
4515,Free,1
4516,Free,1
4517,Free,1
4518,Free,0
4519,Family,0
4520,Free,1
4521,Premium,1
4522,Free,0
4523,Free,0
4524,Free,0
4525,Premium,1
4526,Free,0
4527,Premium,1
4528,Free,1
4529,Free,1
4530,Premium,0
4531,Family,1
4532,Free,0
4533,Premium,1
4534,Free,0
4535,Premium,1
4536,Family,1
4537,Family,1
4538,Premium,1
4539,Free,1
4540,Family,0
4541,Free,0
4542,Free,0
4543,Free,0
4544,Corporate,0
4545,Family,1
4546,Free,1
4547,Premium,0
4548,Family,1
4549,Free,0
4550,Free,1
4551,Premium,1
4552,Free,1
4553,Free,0
4554,Premium,1
4555,Family,1
4556,Premium,1
4557,Premium,1
4558,Free,0
4559,Free,1
4560,Premium,1
4561,Free,0
4562,Family,1
4563,Free,1
4564,Free,1
4565,Free,0
4566,Corporate,0
4567,Free,1
4568,Free,0
4569,Free,1
4570,Family,1
4571,Free,0
4572,Free,1
4573,Free,0
4574,Premium,0
4575,Free,0
4576,Free,1
4577,Free,1
4578,Premium,0
4579,Premium,1
4580,Free,0
4581,Corporate,1
4582,Corporate,1
4583,Free,1
4584,Premium,0
4585,Premium,0
4586,Family,1
4587,Free,0
4588,Free,1
4589,Free,1
4590,Family,0
4591,Free,0
4592,Free,1
4593,Free,1
4594,Free,0
4595,Premium,0
4596,Free,0
4597,Free,1
4598,Family,0
4599,Free,1
4600,Premium,0
4601,Free,1
4602,Free,1
4603,Family,1
4604,Premium,0
4605,Free,0
4606,Corporate,1
4607,Family,1
4608,Corporate,1
4609,Free,1
4610,Free,0
4611,Premium,0
4612,Premium,1
4613,Free,1
4614,Premium,1
4615,Free,1
4616,Free,0
4617,Free,0
4618,Premium,1
4619,Free,1
4620,Family,1
4621,Premium,1
4622,Premium,0
4623,Corporate,1
4624,Premium,1
4625,Corporate,0
4626,Free,0
4627,Free,1
4628,Free,1
4629,Free,0
4630,Family,1
4631,Free,0
4632,Free,0
4633,Premium,1
4634,Premium,1
4635,Free,1
4636,Premium,1
4637,Free,0
4638,Free,0
4639,Premium,1
4640,Premium,0
4641,Free,1
4642,Family,1
4643,Free,0
4644,Free,1
4645,Free,0
4646,Premium,1
4647,Premium,1
4648,Free,0
4649,Free,1
4650,Premium,1
4651,Free,0
4652,Free,0
4653,Premium,0
4654,Free,1
4655,Family,1
4656,Free,1
4657,Premium,1
4658,Free,0
4659,Family,1
4660,Free,1
4661,Premium,1
4662,Premium,1
4663,Free,1
4664,Free,0
4665,Premium,1
4666,Corporate,1
4667,Free,0
4668,Free,0
4669,Family,0
4670,Free,1
4671,Corporate,1
4672,Premium,1
4673,Premium,1
4674,Free,0
4675,Free,0
4676,Premium,0
4677,Family,1
4678,Corporate,1
4679,Free,0
4680,Free,0
4681,Free,0
4682,Family,1
4683,Free,1
4684,Free,0
4685,Free,0
4686,Free,0
4687,Corporate,1
4688,Free,1
4689,Free,1
4690,Free,1
4691,Free,0
4692,Free,1
4693,Free,1
4694,Premium,1
4695,Free,1
4696,Free,0
4697,Free,1
4698,Premium,1
4699,Premium,0
4700,Premium,1
4701,Premium,1
4702,Premium,1
4703,Free,0
4704,Corporate,1
4705,Free,1
4706,Free,0
4707,Premium,1
4708,Free,0
4709,Corporate,1
4710,Free,0
4711,Family,0
4712,Family,1
4713,Corporate,1
4714,Corporate,1
4715,Family,1
4716,Premium,1
4717,Free,0
4718,Free,1
4719,Premium,1
4720,Corporate,0
4721,Premium,1
4722,Corporate,1
4723,Family,1
4724,Free,1
4725,Free,0
4726,Free,1
4727,Free,1
4728,Premium,1
4729,Corporate,1
4730,Premium,1
4731,Free,1
4732,Free,0
4733,Free,0
4734,Free,1
4735,Free,0
4736,Free,1
4737,Free,1
4738,Free,0
4739,Family,1
4740,Free,1
4741,Free,0
4742,Free,0
4743,Free,0
4744,Premium,1
4745,Premium,1
4746,Free,1
4747,Premium,1
4748,Free,1
4749,Premium,1
4750,Free,1
4751,Free,1
4752,Premium,1
4753,Family,1
4754,Premium,0
4755,Free,1
4756,Free,0
4757,Corporate,0
4758,Free,0
4759,Free,1
4760,Free,0
4761,Free,1
4762,Free,1
4763,Free,1
4764,Free,1
4765,Family,1
4766,Free,1
4767,Free,1
4768,Premium,1
4769,Premium,1
4770,Free,0
4771,Family,0
4772,Free,1
4773,Family,1
4774,Free,0
4775,Free,1
4776,Family,1
4777,Premium,0
4778,Free,0
4779,Free,0
4780,Free,1
4781,Premium,0
4782,Free,1
4783,Free,1
4784,Free,1
4785,Premium,1
4786,Family,0
4787,Premium,0
4788,Free,0
4789,Family,1
4790,Premium,1
4791,Family,0
4792,Free,1
4793,Free,0
4794,Premium,0
4795,Free,0
4796,Free,1
4797,Family,1
4798,Family,0
4799,Corporate,1
4800,Premium,0
4801,Free,1
4802,Free,0
4803,Free,0
4804,Free,0
4805,Free,0
4806,Free,1
4807,Premium,1
4808,Premium,1
4809,Corporate,1
4810,Premium,1
4811,Premium,1
4812,Premium,1
4813,Corporate,1
4814,Premium,1
4815,Family,1
4816,Corporate,1
4817,Corporate,1
4818,Free,1
4819,Free,1
4820,Free,1
4821,Free,0
4822,Free,0
4823,Free,1
4824,Free,0
4825,Free,0
4826,Premium,1
4827,Free,1
4828,Premium,1
4829,Premium,1
4830,Premium,1
4831,Family,0
4832,Free,0
4833,Free,0
4834,Free,0
4835,Free,1
4836,Premium,1
4837,Free,0
4838,Free,0
4839,Free,0
4840,Free,0
4841,Premium,1
4842,Premium,1
4843,Free,1
4844,Free,1
4845,Free,0
4846,Free,0
4847,Family,0
4848,Free,0
4849,Premium,1
4850,Family,1
4851,Free,1
4852,Free,0
4853,Corporate,1
4854,Family,0
4855,Free,0
4856,Premium,1
4857,Family,1
4858,Free,0
4859,Family,1
4860,Free,0
4861,Free,0
4862,Corporate,1
4863,Family,1
4864,Free,1
4865,Free,0
4866,Premium,1
4867,Premium,0
4868,Premium,1
4869,Corporate,1
4870,Family,1
4871,Free,0
4872,Free,0
4873,Free,0
4874,Premium,0
4875,Premium,1
4876,Free,0
4877,Free,1
4878,Free,0
4879,Free,1
4880,Free,0
4881,Free,0
4882,Free,1
4883,Free,0
4884,Premium,1
4885,Free,1
4886,Family,1
4887,Premium,1
4888,Premium,0
4889,Premium,0
4890,Free,0
4891,Free,0
4892,Corporate,1
4893,Premium,1
4894,Corporate,1
4895,Premium,1
4896,Free,0
4897,Free,0
4898,Premium,1
4899,Free,0
4900,Free,1
4901,Family,0
4902,Free,1
4903,Free,1
4904,Family,1
4905,Family,1
4906,Free,0
4907,Family,1
4908,Family,1
4909,Free,0
4910,Free,0
4911,Free,1
4912,Free,0
4913,Free,0
4914,Corporate,1
4915,Premium,1
4916,Premium,1
4917,Corporate,1
4918,Family,0
4919,Free,0
4920,Free,0
4921,Premium,1
4922,Free,1
4923,Free,1
4924,Premium,1
4925,Family,1
4926,Free,0
4927,Premium,1
4928,Free,0
4929,Premium,1
4930,Free,1
4931,Family,1
4932,Free,0
4933,Premium,1
4934,Free,0
4935,Free,1
4936,Free,1
4937,Free,1
4938,Free,1
4939,Free,0
4940,Premium,1
4941,Premium,1
4942,Free,1
4943,Premium,1
4944,Free,1
4945,Free,1
4946,Free,1
4947,Premium,1
4948,Free,0
4949,Corporate,1
4950,Free,0
4951,Free,0
4952,Free,0
4953,Family,1
4954,Premium,1
4955,Premium,1
4956,Family,1
4957,Family,1
4958,Premium,1
4959,Free,0
4960,Family,1
4961,Free,1
4962,Premium,1
4963,Premium,1
4964,Premium,1
4965,Free,0
4966,Premium,1
4967,Corporate,1
4968,Free,1
4969,Free,1
4970,Premium,1
4971,Corporate,1
4972,Free,0
4973,Free,0
4974,Free,0
4975,Free,1
4976,Family,1
4977,Premium,1
4978,Premium,1
4979,Free,0
4980,Premium,1
4981,Free,1
4982,Free,0
4983,Free,1
4984,Free,0
4985,Free,0
4986,Free,0
4987,Free,1
4988,Free,1
4989,Premium,1
4990,Free,1
4991,Corporate,1
4992,Free,0
4993,Premium,1
4994,Family,1
4995,Corporate,1
4996,Family,0
4997,Free,1
4998,Free,1
4999,Free,0
5000,Free,0
